<?xml version="1.0" encoding="UTF-8"?>
<project-private xmlns="http://www.netbeans.org/ns/project-private/1">
    <editor-bookmarks xmlns="http://www.netbeans.org/ns/editor-bookmarks/2" lastBookmarkId="0"/>
    <open-files xmlns="http://www.netbeans.org/ns/projectui-open-files/2">
        <group>
            <file>file:/C:/Users/fatimah/Downloads/Application%20phase2/Application%20phase2/src/application/phase2/AllSourceSPAlg.java</file>
            <file>file:/C:/Users/fatimah/Downloads/Application%20phase2/Application%20phase2/src/application/phase2/ShortestPathAlgorithm.java</file>
            <file>file:/C:/Users/fatimah/Downloads/Application%20phase2/Application%20phase2/src/application/phase2/ApplicationPhase2.java</file>
            <file>file:/C:/Users/fatimah/Downloads/Application%20phase2/Application%20phase2/src/application/phase2/Graph.java</file>
            <file>file:/C:/Users/fatimah/Downloads/Application%20phase2/Application%20phase2/src/application/phase2/Vertex.java</file>
            <file>file:/C:/Users/fatimah/Downloads/Application%20phase2/Application%20phase2/src/application/phase2/SingleSourceSPAlg.java</file>
        </group>
    </open-files>
</project-private>
